Category,Name,Value,Matchup,Payout,Timestamp
Points,Tyrese Haliburton,17.513.5,vs OKC Thu 5:30pm,Flash Sale,2025-06-05 09:46:22
Points,Myles Turner,19.5,vs OKC Thu 5:40pm,Demon,2025-06-05 09:46:22
Points,Myles Turner,12.5,vs OKC Thu 5:40pm,Goblin,2025-06-05 09:46:22
Points,Myles Turner,9.5,vs OKC Thu 5:40pm,Goblin,2025-06-05 09:46:22
Points,Myles Turner,16.5,vs OKC Thu 5:40pm,Demon,2025-06-05 09:46:22
Points,Myles Turner,11.5,vs OKC Thu 5:40pm,Goblin,2025-06-05 09:46:22
Points,Myles Turner,13.5,vs OKC Thu 5:40pm,Standard,2025-06-05 09:46:22
Points,Myles Turner,17.5,vs OKC Thu 5:40pm,Demon,2025-06-05 09:46:22
Points,T.J. McConnell,9.5,vs OKC Thu 5:40pm,Demon,2025-06-05 09:46:22
Points,T.J. McConnell,11.5,vs OKC Thu 5:40pm,Demon,2025-06-05 09:46:22
Points,T.J. McConnell,7,vs OKC Thu 5:40pm,Standard,2025-06-05 09:46:22
Points,T.J. McConnell,4.5,vs OKC Thu 5:40pm,Goblin,2025-06-05 09:46:22
Points,T.J. McConnell,5.5,vs OKC Thu 5:40pm,Goblin,2025-06-05 09:46:22
Points,Luguentz Dort,11.5,vs IND Thu 5:40pm,Demon,2025-06-05 09:46:22
Points,Luguentz Dort,9.5,vs IND Thu 5:40pm,Standard,2025-06-05 09:46:22
Points,Luguentz Dort,5.5,vs IND Thu 5:40pm,Goblin,2025-06-05 09:46:22
Points,Luguentz Dort,7.5,vs IND Thu 5:40pm,Goblin,2025-06-05 09:46:22
Points,Luguentz Dort,6.5,vs IND Thu 5:40pm,Goblin,2025-06-05 09:46:22
Points,Luguentz Dort,14.5,vs IND Thu 5:40pm,Demon,2025-06-05 09:46:22
Points,Luguentz Dort,10.5,vs IND Thu 5:40pm,Demon,2025-06-05 09:46:22
Points,Kenrich Williams,7.5,vs IND Thu 5:40pm,Demon,2025-06-05 09:46:22
Points,Kenrich Williams,4.5,vs IND Thu 5:40pm,Demon,2025-06-05 09:46:22
Points,Kenrich Williams,5.5,vs IND Thu 5:40pm,Demon,2025-06-05 09:46:22
Points,Kenrich Williams,2.5,vs IND Thu 5:40pm,Standard,2025-06-05 09:46:22
Points,Aaron Wiggins,11.5,vs IND Thu 5:40pm,Demon,2025-06-05 09:46:22
Points,Aaron Wiggins,9.5,vs IND Thu 5:40pm,Demon,2025-06-05 09:46:22
Points,Aaron Wiggins,5.5,vs IND Thu 5:40pm,Goblin,2025-06-05 09:46:22
Points,Aaron Wiggins,14.5,vs IND Thu 5:40pm,Demon,2025-06-05 09:46:22
Points,Jalen Williams,17.5,vs IND Thu 5:40pm,Goblin,2025-06-05 09:46:22
Points,Jalen Williams,19.5,vs IND Thu 5:40pm,Goblin,2025-06-05 09:46:22
Points,Jalen Williams,22.5,vs IND Thu 5:40pm,Standard,2025-06-05 09:46:22
Points,Jalen Williams,26.5,vs IND Thu 5:40pm,Demon,2025-06-05 09:46:22
Points,Jalen Williams,27.5,vs IND Thu 5:40pm,Demon,2025-06-05 09:46:22
Points,Jalen Williams,20.5,vs IND Thu 5:40pm,Goblin,2025-06-05 09:46:22
Points,Jalen Williams,29.5,vs IND Thu 5:40pm,Demon,2025-06-05 09:46:22
Points,Andrew Nembhard,17.5,vs OKC Thu 5:40pm,Demon,2025-06-05 09:46:22
Points,Andrew Nembhard,11.5,vs OKC Thu 5:40pm,Standard,2025-06-05 09:46:22
Points,Andrew Nembhard,14.5,vs OKC Thu 5:40pm,Demon,2025-06-05 09:46:22
Points,Andrew Nembhard,8.5,vs OKC Thu 5:40pm,Goblin,2025-06-05 09:46:22
Points,Andrew Nembhard,9.5,vs OKC Thu 5:40pm,Goblin,2025-06-05 09:46:22
Points,Andrew Nembhard,7.5,vs OKC Thu 5:40pm,Goblin,2025-06-05 09:46:22
Points,Andrew Nembhard,13.5,vs OKC Thu 5:40pm,Demon,2025-06-05 09:46:22
Points,Aaron Nesmith,8.5,vs OKC Thu 5:40pm,Goblin,2025-06-05 09:46:22
Points,Aaron Nesmith,11.5,vs OKC Thu 5:40pm,Standard,2025-06-05 09:46:22
Points,Aaron Nesmith,14.5,vs OKC Thu 5:40pm,Demon,2025-06-05 09:46:22
Points,Aaron Nesmith,7.5,vs OKC Thu 5:40pm,Goblin,2025-06-05 09:46:22
Points,Aaron Nesmith,19.5,vs OKC Thu 5:40pm,Demon,2025-06-05 09:46:22
Points,Aaron Nesmith,9.5,vs OKC Thu 5:40pm,Goblin,2025-06-05 09:46:22
Points,Aaron Nesmith,17.5,vs OKC Thu 5:40pm,Demon,2025-06-05 09:46:22
Points,Bennedict Mathurin,4.5,vs OKC Thu 5:40pm,Goblin,2025-06-05 09:46:22
Points,Bennedict Mathurin,5.5,vs OKC Thu 5:40pm,Goblin,2025-06-05 09:46:22
Points,Bennedict Mathurin,11.5,vs OKC Thu 5:40pm,Demon,2025-06-05 09:46:22
Points,Bennedict Mathurin,7.5,vs OKC Thu 5:40pm,Standard,2025-06-05 09:46:22
Points,Bennedict Mathurin,9.5,vs OKC Thu 5:40pm,Demon,2025-06-05 09:46:22
Points,Bennedict Mathurin,6.5,vs OKC Thu 5:40pm,Goblin,2025-06-05 09:46:22
Points,Bennedict Mathurin,14.5,vs OKC Thu 5:40pm,Demon,2025-06-05 09:46:22
Points,Isaiah Joe,4.5,vs IND Thu 5:40pm,Demon,2025-06-05 09:46:22
Points,Isaiah Joe,11.5,vs IND Thu 5:40pm,Demon,2025-06-05 09:46:22
Points,Isaiah Joe,2.5,vs IND Thu 5:40pm,Goblin,2025-06-05 09:46:22
Points,Isaiah Joe,9.5,vs IND Thu 5:40pm,Demon,2025-06-05 09:46:22
Points,Isaiah Joe,3.5,vs IND Thu 5:40pm,Standard,2025-06-05 09:46:22
Points,Chet Holmgren,24.5,vs IND Thu 5:40pm,Demon,2025-06-05 09:46:22
Points,Chet Holmgren,20.5,vs IND Thu 5:40pm,Demon,2025-06-05 09:46:22
Points,Chet Holmgren,19.5,vs IND Thu 5:40pm,Demon,2025-06-05 09:46:22
Points,Chet Holmgren,13.5,vs IND Thu 5:40pm,Goblin,2025-06-05 09:46:22
Points,Chet Holmgren,16.5,vs IND Thu 5:40pm,Standard,2025-06-05 09:46:22
Points,Chet Holmgren,14.5,vs IND Thu 5:40pm,Goblin,2025-06-05 09:46:22
Points,Chet Holmgren,11.5,vs IND Thu 5:40pm,Goblin,2025-06-05 09:46:22
Points,Obi Toppin,8.5,vs OKC Thu 5:40pm,Standard,2025-06-05 09:46:22
Points,Obi Toppin,9.5,vs OKC Thu 5:40pm,Demon,2025-06-05 09:46:22
Points,Obi Toppin,11.5,vs OKC Thu 5:40pm,Demon,2025-06-05 09:46:22
Points,Obi Toppin,5.5,vs OKC Thu 5:40pm,Goblin,2025-06-05 09:46:22
Points,Obi Toppin,14.5,vs OKC Thu 5:40pm,Demon,2025-06-05 09:46:22
Points,Obi Toppin,4.5,vs OKC Thu 5:40pm,Goblin,2025-06-05 09:46:22
Points,Obi Toppin,6.5,vs OKC Thu 5:40pm,Goblin,2025-06-05 09:46:22
Points,Ben Sheppard,3,vs OKC Thu 5:40pm,Standard,2025-06-05 09:46:22
Points,Ben Sheppard,7.5,vs OKC Thu 5:40pm,Demon,2025-06-05 09:46:22
Points,Ben Sheppard,4.5,vs OKC Thu 5:40pm,Demon,2025-06-05 09:46:22
Points,Ben Sheppard,9.5,vs OKC Thu 5:40pm,Demon,2025-06-05 09:46:22
Points,Ben Sheppard,2.5,vs OKC Thu 5:40pm,Goblin,2025-06-05 09:46:22
Points,Cason Wallace,9.5,vs IND Thu 5:40pm,Demon,2025-06-05 09:46:22
Points,Cason Wallace,6.5,vs IND Thu 5:40pm,Standard,2025-06-05 09:46:22
Points,Cason Wallace,11.5,vs IND Thu 5:40pm,Demon,2025-06-05 09:46:22
Points,Cason Wallace,4.5,vs IND Thu 5:40pm,Goblin,2025-06-05 09:46:22
Points,Cason Wallace,5.5,vs IND Thu 5:40pm,Goblin,2025-06-05 09:46:22
Points,Pascal Siakam,19.5,vs OKC Thu 5:40pm,Standard,2025-06-05 09:46:22
Points,Pascal Siakam,18.5,vs OKC Thu 5:40pm,Goblin,2025-06-05 09:46:22
Points,Pascal Siakam,24.5,vs OKC Thu 5:40pm,Demon,2025-06-05 09:46:22
Points,Pascal Siakam,14.5,vs OKC Thu 5:40pm,Goblin,2025-06-05 09:46:22
Points,Pascal Siakam,23.5,vs OKC Thu 5:40pm,Demon,2025-06-05 09:46:22
Points,Pascal Siakam,29.5,vs OKC Thu 5:40pm,Demon,2025-06-05 09:46:22
Points,Pascal Siakam,17.5,vs OKC Thu 5:40pm,Goblin,2025-06-05 09:46:22
Points,Tyrese Haliburton,14.5,vs OKC Thu 5:40pm,Goblin,2025-06-05 09:46:22
Points,Tyrese Haliburton,17.5,vs OKC Thu 5:40pm,Standard,2025-06-05 09:46:22
Points,Tyrese Haliburton,24.5,vs OKC Thu 5:40pm,Demon,2025-06-05 09:46:22
Points,Tyrese Haliburton,22.5,vs OKC Thu 5:40pm,Demon,2025-06-05 09:46:22
Points,Tyrese Haliburton,15.5,vs OKC Thu 5:40pm,Goblin,2025-06-05 09:46:22
Points,Tyrese Haliburton,21.5,vs OKC Thu 5:40pm,Demon,2025-06-05 09:46:22
Points,Shai Gilgeous-Alexander,33.5,vs IND Thu 5:40pm,Standard,2025-06-05 09:46:22
Points,Shai Gilgeous-Alexander,29.5,vs IND Thu 5:40pm,Goblin,2025-06-05 09:46:22
Points,Shai Gilgeous-Alexander,39.5,vs IND Thu 5:40pm,Demon,2025-06-05 09:46:22
Points,Shai Gilgeous-Alexander,30.5,vs IND Thu 5:40pm,Goblin,2025-06-05 09:46:22
Points,Shai Gilgeous-Alexander,31.5,vs IND Thu 5:40pm,Goblin,2025-06-05 09:46:22
Points,Shai Gilgeous-Alexander,44.5,vs IND Thu 5:40pm,Demon,2025-06-05 09:46:22
Points,Shai Gilgeous-Alexander,38.5,vs IND Thu 5:40pm,Demon,2025-06-05 09:46:22
Points,Alex Caruso,14.5,vs IND Thu 5:40pm,Demon,2025-06-05 09:46:22
Points,Alex Caruso,5.5,vs IND Thu 5:40pm,Goblin,2025-06-05 09:46:22
Points,Alex Caruso,7.5,vs IND Thu 5:40pm,Goblin,2025-06-05 09:46:22
Points,Alex Caruso,6.5,vs IND Thu 5:40pm,Goblin,2025-06-05 09:46:22
Points,Alex Caruso,10.5,vs IND Thu 5:40pm,Demon,2025-06-05 09:46:22
Points,Alex Caruso,8,vs IND Thu 5:40pm,Standard,2025-06-05 09:46:22
Points,Alex Caruso,11.5,vs IND Thu 5:40pm,Demon,2025-06-05 09:46:22
Points,Isaiah Hartenstein,5.5,vs IND Thu 5:40pm,Goblin,2025-06-05 09:46:22
Points,Isaiah Hartenstein,11.5,vs IND Thu 5:40pm,Demon,2025-06-05 09:46:22
Points,Isaiah Hartenstein,4.5,vs IND Thu 5:40pm,Goblin,2025-06-05 09:46:22
Points,Isaiah Hartenstein,10.5,vs IND Thu 5:40pm,Demon,2025-06-05 09:46:22
Points,Isaiah Hartenstein,9.5,vs IND Thu 5:40pm,Demon,2025-06-05 09:46:22
Points,Isaiah Hartenstein,7.5,vs IND Thu 5:40pm,Standard,2025-06-05 09:46:22
Points,Isaiah Hartenstein,6.5,vs IND Thu 5:40pm,Goblin,2025-06-05 09:46:22
Points,Thomas Bryant,7.5,vs OKC Thu 5:40pm,Demon,2025-06-05 09:46:22
Points,Thomas Bryant,4.5,vs OKC Thu 5:40pm,Demon,2025-06-05 09:46:22
Points,Thomas Bryant,5.5,vs OKC Thu 5:40pm,Demon,2025-06-05 09:46:22
Pts+Rebs+Asts,Myles Turner,24.5,vs OKC Thu 5:40pm,Demon,2025-06-05 09:46:22
Pts+Rebs+Asts,Myles Turner,19.5,vs OKC Thu 5:40pm,Goblin,2025-06-05 09:46:22
Pts+Rebs+Asts,Myles Turner,20.5,vs OKC Thu 5:40pm,Standard,2025-06-05 09:46:22
Pts+Rebs+Asts,Myles Turner,29.5,vs OKC Thu 5:40pm,Demon,2025-06-05 09:46:22
Pts+Rebs+Asts,T.J. McConnell,11.5,vs OKC Thu 5:40pm,Goblin,2025-06-05 09:46:22
Pts+Rebs+Asts,T.J. McConnell,19.5,vs OKC Thu 5:40pm,Demon,2025-06-05 09:46:22
Pts+Rebs+Asts,T.J. McConnell,9.5,vs OKC Thu 5:40pm,Goblin,2025-06-05 09:46:22
Pts+Rebs+Asts,T.J. McConnell,13.5,vs OKC Thu 5:40pm,Standard,2025-06-05 09:46:22
Pts+Rebs+Asts,Luguentz Dort,19.5,vs IND Thu 5:40pm,Demon,2025-06-05 09:46:22
Pts+Rebs+Asts,Luguentz Dort,9.5,vs IND Thu 5:40pm,Goblin,2025-06-05 09:46:22
Pts+Rebs+Asts,Luguentz Dort,14.5,vs IND Thu 5:40pm,Standard,2025-06-05 09:46:22
Pts+Rebs+Asts,Kenrich Williams,14.5,vs IND Thu 5:40pm,Demon,2025-06-05 09:46:22
Pts+Rebs+Asts,Kenrich Williams,5.5,vs IND Thu 5:40pm,Standard,2025-06-05 09:46:22
Pts+Rebs+Asts,Kenrich Williams,9.5,vs IND Thu 5:40pm,Demon,2025-06-05 09:46:22
Pts+Rebs+Asts,Kenrich Williams,4.5,vs IND Thu 5:40pm,Goblin,2025-06-05 09:46:22
Pts+Rebs+Asts,Aaron Wiggins,19.5,vs IND Thu 5:40pm,Demon,2025-06-05 09:46:22
Pts+Rebs+Asts,Aaron Wiggins,9.5,vs IND Thu 5:40pm,Goblin,2025-06-05 09:46:22
Pts+Rebs+Asts,Aaron Wiggins,14.5,vs IND Thu 5:40pm,Demon,2025-06-05 09:46:22
Pts+Rebs+Asts,Jalen Williams,35.5,vs IND Thu 5:40pm,Demon,2025-06-05 09:46:22
Pts+Rebs+Asts,Jalen Williams,29.5,vs IND Thu 5:40pm,Goblin,2025-06-05 09:46:22
Pts+Rebs+Asts,Jalen Williams,31.5,vs IND Thu 5:40pm,Goblin,2025-06-05 09:46:22
Pts+Rebs+Asts,Jalen Williams,32.5,vs IND Thu 5:40pm,Goblin,2025-06-05 09:46:22
Pts+Rebs+Asts,Jalen Williams,44.5,vs IND Thu 5:40pm,Demon,2025-06-05 09:46:22
Pts+Rebs+Asts,Jalen Williams,33.5,vs IND Thu 5:40pm,Standard,2025-06-05 09:46:22
Pts+Rebs+Asts,Jalen Williams,39.5,vs IND Thu 5:40pm,Demon,2025-06-05 09:46:22
Pts+Rebs+Asts,Andrew Nembhard,17.5,vs OKC Thu 5:40pm,Goblin,2025-06-05 09:46:22
Pts+Rebs+Asts,Andrew Nembhard,16.5,vs OKC Thu 5:40pm,Goblin,2025-06-05 09:46:22
Pts+Rebs+Asts,Andrew Nembhard,20.5,vs OKC Thu 5:40pm,Demon,2025-06-05 09:46:22
Pts+Rebs+Asts,Andrew Nembhard,14.5,vs OKC Thu 5:40pm,Goblin,2025-06-05 09:46:22
Pts+Rebs+Asts,Andrew Nembhard,19.5,vs OKC Thu 5:40pm,Standard,2025-06-05 09:46:22
Pts+Rebs+Asts,Andrew Nembhard,24.5,vs OKC Thu 5:40pm,Demon,2025-06-05 09:46:22
Pts+Rebs+Asts,Aaron Nesmith,16.5,vs OKC Thu 5:40pm,Goblin,2025-06-05 09:46:22
Pts+Rebs+Asts,Aaron Nesmith,24.5,vs OKC Thu 5:40pm,Demon,2025-06-05 09:46:22
Pts+Rebs+Asts,Aaron Nesmith,13.5,vs OKC Thu 5:40pm,Goblin,2025-06-05 09:46:22
Pts+Rebs+Asts,Aaron Nesmith,21.5,vs OKC Thu 5:40pm,Demon,2025-06-05 09:46:22
Pts+Rebs+Asts,Aaron Nesmith,19.5,vs OKC Thu 5:40pm,Demon,2025-06-05 09:46:22
Pts+Rebs+Asts,Aaron Nesmith,14.5,vs OKC Thu 5:40pm,Goblin,2025-06-05 09:46:22
Pts+Rebs+Asts,Aaron Nesmith,17.5,vs OKC Thu 5:40pm,Standard,2025-06-05 09:46:22
Pts+Rebs+Asts,Bennedict Mathurin,14.5,vs OKC Thu 5:40pm,Demon,2025-06-05 09:46:22
Pts+Rebs+Asts,Bennedict Mathurin,19.5,vs OKC Thu 5:40pm,Demon,2025-06-05 09:46:22
Pts+Rebs+Asts,Bennedict Mathurin,9.5,vs OKC Thu 5:40pm,Goblin,2025-06-05 09:46:22
Pts+Rebs+Asts,Bennedict Mathurin,7.5,vs OKC Thu 5:40pm,Goblin,2025-06-05 09:46:22
Pts+Rebs+Asts,Bennedict Mathurin,11,vs OKC Thu 5:40pm,Standard,2025-06-05 09:46:22
Pts+Rebs+Asts,Chet Holmgren,34.5,vs IND Thu 5:40pm,Demon,2025-06-05 09:46:22
Pts+Rebs+Asts,Chet Holmgren,27.5,vs IND Thu 5:40pm,Standard,2025-06-05 09:46:22
Pts+Rebs+Asts,Chet Holmgren,25.5,vs IND Thu 5:40pm,Goblin,2025-06-05 09:46:22
Pts+Rebs+Asts,Chet Holmgren,29.5,vs IND Thu 5:40pm,Demon,2025-06-05 09:46:22
Pts+Rebs+Asts,Chet Holmgren,24.5,vs IND Thu 5:40pm,Goblin,2025-06-05 09:46:22
Pts+Rebs+Asts,Obi Toppin,13.5,vs OKC Thu 5:40pm,Standard,2025-06-05 09:46:22
Pts+Rebs+Asts,Obi Toppin,19.5,vs OKC Thu 5:40pm,Demon,2025-06-05 09:46:22
Pts+Rebs+Asts,Obi Toppin,10.5,vs OKC Thu 5:40pm,Goblin,2025-06-05 09:46:22
Pts+Rebs+Asts,Obi Toppin,11.5,vs OKC Thu 5:40pm,Goblin,2025-06-05 09:46:22
Pts+Rebs+Asts,Obi Toppin,9.5,vs OKC Thu 5:40pm,Goblin,2025-06-05 09:46:22
Pts+Rebs+Asts,Obi Toppin,14.5,vs OKC Thu 5:40pm,Demon,2025-06-05 09:46:22
Pts+Rebs+Asts,Obi Toppin,15.5,vs OKC Thu 5:40pm,Demon,2025-06-05 09:46:22
Pts+Rebs+Asts,Ben Sheppard,4.5,vs OKC Thu 5:40pm,Goblin,2025-06-05 09:46:22
Pts+Rebs+Asts,Ben Sheppard,9.5,vs OKC Thu 5:40pm,Demon,2025-06-05 09:46:22
Pts+Rebs+Asts,Ben Sheppard,14.5,vs OKC Thu 5:40pm,Demon,2025-06-05 09:46:22
Pts+Rebs+Asts,Ben Sheppard,6.5,vs OKC Thu 5:40pm,Standard,2025-06-05 09:46:22
Pts+Rebs+Asts,Cason Wallace,13.5,vs IND Thu 5:40pm,Demon,2025-06-05 09:46:22
Pts+Rebs+Asts,Cason Wallace,11.5,vs IND Thu 5:40pm,Goblin,2025-06-05 09:46:22
Pts+Rebs+Asts,Cason Wallace,19.5,vs IND Thu 5:40pm,Demon,2025-06-05 09:46:22
Pts+Rebs+Asts,Cason Wallace,12.5,vs IND Thu 5:40pm,Standard,2025-06-05 09:46:22
Pts+Rebs+Asts,Cason Wallace,14.5,vs IND Thu 5:40pm,Demon,2025-06-05 09:46:22
Pts+Rebs+Asts,Cason Wallace,9.5,vs IND Thu 5:40pm,Goblin,2025-06-05 09:46:22
Pts+Rebs+Asts,Pascal Siakam,24.5,vs OKC Thu 5:40pm,Goblin,2025-06-05 09:46:22
Pts+Rebs+Asts,Pascal Siakam,27.5,vs OKC Thu 5:40pm,Goblin,2025-06-05 09:46:22
Pts+Rebs+Asts,Pascal Siakam,29.5,vs OKC Thu 5:40pm,Standard,2025-06-05 09:46:22
Pts+Rebs+Asts,Pascal Siakam,39.5,vs OKC Thu 5:40pm,Demon,2025-06-05 09:46:22
Pts+Rebs+Asts,Pascal Siakam,26.5,vs OKC Thu 5:40pm,Goblin,2025-06-05 09:46:22
Pts+Rebs+Asts,Pascal Siakam,31.5,vs OKC Thu 5:40pm,Demon,2025-06-05 09:46:22
Pts+Rebs+Asts,Pascal Siakam,34.5,vs OKC Thu 5:40pm,Demon,2025-06-05 09:46:22
Pts+Rebs+Asts,Tyrese Haliburton,44.5,vs OKC Thu 5:40pm,Demon,2025-06-05 09:46:22
Pts+Rebs+Asts,Tyrese Haliburton,31.5,vs OKC Thu 5:40pm,Standard,2025-06-05 09:46:22
Pts+Rebs+Asts,Tyrese Haliburton,39.5,vs OKC Thu 5:40pm,Demon,2025-06-05 09:46:22
Pts+Rebs+Asts,Tyrese Haliburton,24.5,vs OKC Thu 5:40pm,Goblin,2025-06-05 09:46:22
Pts+Rebs+Asts,Tyrese Haliburton,29.5,vs OKC Thu 5:40pm,Goblin,2025-06-05 09:46:22
Pts+Rebs+Asts,Tyrese Haliburton,30.5,vs OKC Thu 5:40pm,Goblin,2025-06-05 09:46:22
Pts+Rebs+Asts,Tyrese Haliburton,35.5,vs OKC Thu 5:40pm,Demon,2025-06-05 09:46:22
Pts+Rebs+Asts,Shai Gilgeous-Alexander,39.5,vs IND Thu 5:40pm,Goblin,2025-06-05 09:46:22
Pts+Rebs+Asts,Shai Gilgeous-Alexander,54.5,vs IND Thu 5:40pm,Demon,2025-06-05 09:46:22
Pts+Rebs+Asts,Shai Gilgeous-Alexander,59.5,vs IND Thu 5:40pm,Demon,2025-06-05 09:46:22
Pts+Rebs+Asts,Shai Gilgeous-Alexander,43.5,vs IND Thu 5:40pm,Goblin,2025-06-05 09:46:22
Pts+Rebs+Asts,Shai Gilgeous-Alexander,44.5,vs IND Thu 5:40pm,Goblin,2025-06-05 09:46:22
Pts+Rebs+Asts,Shai Gilgeous-Alexander,45.5,vs IND Thu 5:40pm,Standard,2025-06-05 09:46:22
Pts+Rebs+Asts,Shai Gilgeous-Alexander,49.5,vs IND Thu 5:40pm,Demon,2025-06-05 09:46:22
Pts+Rebs+Asts,Alex Caruso,19.5,vs IND Thu 5:40pm,Demon,2025-06-05 09:46:22
Pts+Rebs+Asts,Alex Caruso,16.5,vs IND Thu 5:40pm,Demon,2025-06-05 09:46:22
Pts+Rebs+Asts,Alex Caruso,14.5,vs IND Thu 5:40pm,Standard,2025-06-05 09:46:22
Pts+Rebs+Asts,Alex Caruso,24.5,vs IND Thu 5:40pm,Demon,2025-06-05 09:46:22
Pts+Rebs+Asts,Alex Caruso,11.5,vs IND Thu 5:40pm,Goblin,2025-06-05 09:46:22
Pts+Rebs+Asts,Alex Caruso,12.5,vs IND Thu 5:40pm,Goblin,2025-06-05 09:46:22
Pts+Rebs+Asts,Isaiah Hartenstein,18.5,vs IND Thu 5:40pm,Demon,2025-06-05 09:46:22
Pts+Rebs+Asts,Isaiah Hartenstein,19.5,vs IND Thu 5:40pm,Demon,2025-06-05 09:46:22
Pts+Rebs+Asts,Isaiah Hartenstein,24.5,vs IND Thu 5:40pm,Demon,2025-06-05 09:46:22
Pts+Rebs+Asts,Isaiah Hartenstein,14.5,vs IND Thu 5:40pm,Goblin,2025-06-05 09:46:22
Pts+Rebs+Asts,Isaiah Hartenstein,17,vs IND Thu 5:40pm,Standard,2025-06-05 09:46:22
Pts+Rebs+Asts,Thomas Bryant,6.5,vs OKC Thu 5:40pm,Standard,2025-06-05 09:46:22
Pts+Rebs+Asts,Thomas Bryant,4.5,vs OKC Thu 5:40pm,Goblin,2025-06-05 09:46:22
Pts+Rebs+Asts,Thomas Bryant,14.5,vs OKC Thu 5:40pm,Demon,2025-06-05 09:46:22
Pts+Rebs+Asts,Thomas Bryant,9.5,vs OKC Thu 5:40pm,Demon,2025-06-05 09:46:22
Rebounds,Myles Turner,3.5,vs OKC Thu 5:40pm,Goblin,2025-06-05 09:46:22
Rebounds,Myles Turner,4.5,vs OKC Thu 5:40pm,Goblin,2025-06-05 09:46:22
Rebounds,Myles Turner,5.5,vs OKC Thu 5:40pm,Standard,2025-06-05 09:46:22
Rebounds,Myles Turner,7.5,vs OKC Thu 5:40pm,Demon,2025-06-05 09:46:22
Rebounds,Myles Turner,6.5,vs OKC Thu 5:40pm,Demon,2025-06-05 09:46:22
Rebounds,T.J. McConnell,3.5,vs OKC Thu 5:40pm,Demon,2025-06-05 09:46:22
Rebounds,T.J. McConnell,1.5,vs OKC Thu 5:40pm,Goblin,2025-06-05 09:46:22
Rebounds,T.J. McConnell,4.5,vs OKC Thu 5:40pm,Demon,2025-06-05 09:46:22
Rebounds,Luguentz Dort,2.5,vs IND Thu 5:40pm,Goblin,2025-06-05 09:46:22
Rebounds,Luguentz Dort,4.5,vs IND Thu 5:40pm,Demon,2025-06-05 09:46:22
Rebounds,Luguentz Dort,6.5,vs IND Thu 5:40pm,Demon,2025-06-05 09:46:22
Rebounds,Luguentz Dort,5.5,vs IND Thu 5:40pm,Demon,2025-06-05 09:46:22
Rebounds,Kenrich Williams,2.5,vs IND Thu 5:40pm,Demon,2025-06-05 09:46:22
Rebounds,Kenrich Williams,1.5,vs IND Thu 5:40pm,Goblin,2025-06-05 09:46:22
Rebounds,Kenrich Williams,4.5,vs IND Thu 5:40pm,Demon,2025-06-05 09:46:22
Rebounds,Kenrich Williams,3.5,vs IND Thu 5:40pm,Demon,2025-06-05 09:46:22
Rebounds,Aaron Wiggins,4.5,vs IND Thu 5:40pm,Demon,2025-06-05 09:46:22
Rebounds,Aaron Wiggins,2.5,vs IND Thu 5:40pm,Goblin,2025-06-05 09:46:22
Rebounds,Aaron Wiggins,3.5,vs IND Thu 5:40pm,Demon,2025-06-05 09:46:22
Rebounds,Aaron Wiggins,5.5,vs IND Thu 5:40pm,Demon,2025-06-05 09:46:22
Rebounds,Jalen Williams,5.5,vs IND Thu 5:40pm,Goblin,2025-06-05 09:46:22
Rebounds,Jalen Williams,6,vs IND Thu 5:40pm,Standard,2025-06-05 09:46:22
Rebounds,Jalen Williams,4.5,vs IND Thu 5:40pm,Goblin,2025-06-05 09:46:22
Rebounds,Jalen Williams,7.5,vs IND Thu 5:40pm,Demon,2025-06-05 09:46:22
Rebounds,Jalen Williams,8.5,vs IND Thu 5:40pm,Demon,2025-06-05 09:46:22
Rebounds,Jalen Williams,9.5,vs IND Thu 5:40pm,Demon,2025-06-05 09:46:22
Rebounds,Andrew Nembhard,5.5,vs OKC Thu 5:40pm,Demon,2025-06-05 09:46:22
Rebounds,Andrew Nembhard,2.5,vs OKC Thu 5:40pm,Goblin,2025-06-05 09:46:22
Rebounds,Andrew Nembhard,4.5,vs OKC Thu 5:40pm,Demon,2025-06-05 09:46:22
Rebounds,Andrew Nembhard,3.5,vs OKC Thu 5:40pm,Demon,2025-06-05 09:46:22
Rebounds,Aaron Nesmith,7.5,vs OKC Thu 5:40pm,Demon,2025-06-05 09:46:22
Rebounds,Aaron Nesmith,5.5,vs OKC Thu 5:40pm,Demon,2025-06-05 09:46:22
Rebounds,Aaron Nesmith,4.5,vs OKC Thu 5:40pm,Standard,2025-06-05 09:46:22
Rebounds,Aaron Nesmith,2.5,vs OKC Thu 5:40pm,Goblin,2025-06-05 09:46:22
Rebounds,Aaron Nesmith,6.5,vs OKC Thu 5:40pm,Demon,2025-06-05 09:46:22
Rebounds,Aaron Nesmith,3.5,vs OKC Thu 5:40pm,Goblin,2025-06-05 09:46:22
Rebounds,Bennedict Mathurin,1.5,vs OKC Thu 5:40pm,Goblin,2025-06-05 09:46:22
Rebounds,Bennedict Mathurin,3.5,vs OKC Thu 5:40pm,Demon,2025-06-05 09:46:22
Rebounds,Bennedict Mathurin,4.5,vs OKC Thu 5:40pm,Demon,2025-06-05 09:46:22
Rebounds,Bennedict Mathurin,2.5,vs OKC Thu 5:40pm,Demon,2025-06-05 09:46:22
Rebounds,Isaiah Joe,1.5,vs IND Thu 5:40pm,Demon,2025-06-05 09:46:22
Rebounds,Isaiah Joe,3.5,vs IND Thu 5:40pm,Demon,2025-06-05 09:46:22
Rebounds,Isaiah Joe,2.5,vs IND Thu 5:40pm,Demon,2025-06-05 09:46:22
Rebounds,Chet Holmgren,6.5,vs IND Thu 5:40pm,Goblin,2025-06-05 09:46:22
Rebounds,Chet Holmgren,12.5,vs IND Thu 5:40pm,Demon,2025-06-05 09:46:22
Rebounds,Chet Holmgren,7.5,vs IND Thu 5:40pm,Goblin,2025-06-05 09:46:22
Rebounds,Chet Holmgren,11.5,vs IND Thu 5:40pm,Demon,2025-06-05 09:46:22
Rebounds,Chet Holmgren,9,vs IND Thu 5:40pm,Standard,2025-06-05 09:46:22
Rebounds,Chet Holmgren,8.5,vs IND Thu 5:40pm,Goblin,2025-06-05 09:46:22
Rebounds,Chet Holmgren,13.5,vs IND Thu 5:40pm,Demon,2025-06-05 09:46:22
Rebounds,Obi Toppin,5.5,vs OKC Thu 5:40pm,Demon,2025-06-05 09:46:22
Rebounds,Obi Toppin,2.5,vs OKC Thu 5:40pm,Goblin,2025-06-05 09:46:22
Rebounds,Obi Toppin,4.5,vs OKC Thu 5:40pm,Demon,2025-06-05 09:46:22
Rebounds,Obi Toppin,3.5,vs OKC Thu 5:40pm,Demon,2025-06-05 09:46:22
Rebounds,Obi Toppin,1.5,vs OKC Thu 5:40pm,Goblin,2025-06-05 09:46:22
Rebounds,Ben Sheppard,1.5,vs OKC Thu 5:40pm,Goblin,2025-06-05 09:46:22
Rebounds,Ben Sheppard,2.5,vs OKC Thu 5:40pm,Demon,2025-06-05 09:46:22
Rebounds,Ben Sheppard,3.5,vs OKC Thu 5:40pm,Demon,2025-06-05 09:46:22
Rebounds,Ben Sheppard,4.5,vs OKC Thu 5:40pm,Demon,2025-06-05 09:46:22
Rebounds,Cason Wallace,5.5,vs IND Thu 5:40pm,Demon,2025-06-05 09:46:22
Rebounds,Cason Wallace,2.5,vs IND Thu 5:40pm,Goblin,2025-06-05 09:46:22
Rebounds,Cason Wallace,4.5,vs IND Thu 5:40pm,Demon,2025-06-05 09:46:22
Rebounds,Pascal Siakam,9.5,vs OKC Thu 5:40pm,Demon,2025-06-05 09:46:22
Rebounds,Pascal Siakam,4.5,vs OKC Thu 5:40pm,Goblin,2025-06-05 09:46:22
Rebounds,Pascal Siakam,5.5,vs OKC Thu 5:40pm,Goblin,2025-06-05 09:46:22
Rebounds,Pascal Siakam,6,vs OKC Thu 5:40pm,Standard,2025-06-05 09:46:22
Rebounds,Pascal Siakam,7.5,vs OKC Thu 5:40pm,Demon,2025-06-05 09:46:22
Rebounds,Pascal Siakam,8.5,vs OKC Thu 5:40pm,Demon,2025-06-05 09:46:22
Rebounds,Tyrese Haliburton,3.5,vs OKC Thu 5:40pm,Goblin,2025-06-05 09:46:22
Rebounds,Tyrese Haliburton,4.5,vs OKC Thu 5:40pm,Standard,2025-06-05 09:46:22
Rebounds,Tyrese Haliburton,7.5,vs OKC Thu 5:40pm,Demon,2025-06-05 09:46:22
Rebounds,Tyrese Haliburton,6.5,vs OKC Thu 5:40pm,Demon,2025-06-05 09:46:22
Rebounds,Tyrese Haliburton,8.5,vs OKC Thu 5:40pm,Demon,2025-06-05 09:46:22
Rebounds,Shai Gilgeous-Alexander,8.5,vs IND Thu 5:40pm,Demon,2025-06-05 09:46:22
Rebounds,Shai Gilgeous-Alexander,5.5,vs IND Thu 5:40pm,Standard,2025-06-05 09:46:22
Rebounds,Shai Gilgeous-Alexander,4.5,vs IND Thu 5:40pm,Goblin,2025-06-05 09:46:22
Rebounds,Shai Gilgeous-Alexander,7.5,vs IND Thu 5:40pm,Demon,2025-06-05 09:46:22
Rebounds,Shai Gilgeous-Alexander,6.5,vs IND Thu 5:40pm,Demon,2025-06-05 09:46:22
Rebounds,Shai Gilgeous-Alexander,3.5,vs IND Thu 5:40pm,Goblin,2025-06-05 09:46:22
Rebounds,Alex Caruso,3,vs IND Thu 5:40pm,Standard,2025-06-05 09:46:22
Rebounds,Alex Caruso,4.5,vs IND Thu 5:40pm,Demon,2025-06-05 09:46:22
Rebounds,Alex Caruso,5.5,vs IND Thu 5:40pm,Demon,2025-06-05 09:46:22
Rebounds,Alex Caruso,6.5,vs IND Thu 5:40pm,Demon,2025-06-05 09:46:22
Rebounds,Alex Caruso,2.5,vs IND Thu 5:40pm,Goblin,2025-06-05 09:46:22
Rebounds,Isaiah Hartenstein,6.5,vs IND Thu 5:40pm,Goblin,2025-06-05 09:46:22
Rebounds,Isaiah Hartenstein,11.5,vs IND Thu 5:40pm,Demon,2025-06-05 09:46:22
Rebounds,Isaiah Hartenstein,10.5,vs IND Thu 5:40pm,Demon,2025-06-05 09:46:22
Rebounds,Isaiah Hartenstein,9.5,vs IND Thu 5:40pm,Demon,2025-06-05 09:46:22
Rebounds,Isaiah Hartenstein,7,vs IND Thu 5:40pm,Standard,2025-06-05 09:46:22
Rebounds,Isaiah Hartenstein,5.5,vs IND Thu 5:40pm,Goblin,2025-06-05 09:46:22
Rebounds,Thomas Bryant,3.5,vs OKC Thu 5:40pm,Demon,2025-06-05 09:46:22
Rebounds,Thomas Bryant,1.5,vs OKC Thu 5:40pm,Goblin,2025-06-05 09:46:22
Rebounds,Thomas Bryant,5.5,vs OKC Thu 5:40pm,Demon,2025-06-05 09:46:22
Rebounds,Thomas Bryant,4.5,vs OKC Thu 5:40pm,Demon,2025-06-05 09:46:22
Assists,Myles Turner,0.5,vs OKC Thu 5:40pm,Goblin,2025-06-05 09:46:22
Assists,Myles Turner,2.5,vs OKC Thu 5:40pm,Demon,2025-06-05 09:46:22
Assists,Myles Turner,1.5,vs OKC Thu 5:40pm,Demon,2025-06-05 09:46:22
Assists,T.J. McConnell,3.5,vs OKC Thu 5:40pm,Standard,2025-06-05 09:46:22
Assists,T.J. McConnell,4.5,vs OKC Thu 5:40pm,Demon,2025-06-05 09:46:22
Assists,T.J. McConnell,5.5,vs OKC Thu 5:40pm,Demon,2025-06-05 09:46:22
Assists,T.J. McConnell,6.5,vs OKC Thu 5:40pm,Demon,2025-06-05 09:46:22
Assists,T.J. McConnell,2.5,vs OKC Thu 5:40pm,Goblin,2025-06-05 09:46:22
Assists,Luguentz Dort,0.5,vs IND Thu 5:40pm,Goblin,2025-06-05 09:46:22
Assists,Luguentz Dort,2.5,vs IND Thu 5:40pm,Demon,2025-06-05 09:46:22
Assists,Luguentz Dort,1.5,vs IND Thu 5:40pm,Demon,2025-06-05 09:46:22
Assists,Kenrich Williams,0.5,vs IND Thu 5:40pm,Demon,2025-06-05 09:46:22
Assists,Aaron Wiggins,2.5,vs IND Thu 5:40pm,Demon,2025-06-05 09:46:22
Assists,Aaron Wiggins,0.5,vs IND Thu 5:40pm,Goblin,2025-06-05 09:46:22
Assists,Jalen Williams,5,vs IND Thu 5:40pm,Standard,2025-06-05 09:46:22
Assists,Jalen Williams,7.5,vs IND Thu 5:40pm,Demon,2025-06-05 09:46:22
Assists,Jalen Williams,8.5,vs IND Thu 5:40pm,Demon,2025-06-05 09:46:22
Assists,Jalen Williams,3.5,vs IND Thu 5:40pm,Goblin,2025-06-05 09:46:22
Assists,Jalen Williams,6.5,vs IND Thu 5:40pm,Demon,2025-06-05 09:46:22
Assists,Jalen Williams,4.5,vs IND Thu 5:40pm,Goblin,2025-06-05 09:46:22
Assists,Andrew Nembhard,3.5,vs OKC Thu 5:40pm,Goblin,2025-06-05 09:46:22
Assists,Andrew Nembhard,5.5,vs OKC Thu 5:40pm,Demon,2025-06-05 09:46:22
Assists,Andrew Nembhard,6.5,vs OKC Thu 5:40pm,Demon,2025-06-05 09:46:22
Assists,Andrew Nembhard,4.5,vs OKC Thu 5:40pm,Standard,2025-06-05 09:46:22
Assists,Andrew Nembhard,2.5,vs OKC Thu 5:40pm,Goblin,2025-06-05 09:46:22
Assists,Aaron Nesmith,1.5,vs OKC Thu 5:40pm,Demon,2025-06-05 09:46:22
Assists,Aaron Nesmith,0.5,vs OKC Thu 5:40pm,Goblin,2025-06-05 09:46:22
Assists,Aaron Nesmith,2.5,vs OKC Thu 5:40pm,Demon,2025-06-05 09:46:22
Assists,Bennedict Mathurin,0.5,vs OKC Thu 5:40pm,Goblin,2025-06-05 09:46:22
Assists,Bennedict Mathurin,1.5,vs OKC Thu 5:40pm,Demon,2025-06-05 09:46:22
Assists,Bennedict Mathurin,2.5,vs OKC Thu 5:40pm,Demon,2025-06-05 09:46:22
Assists,Chet Holmgren,2.5,vs IND Thu 5:40pm,Demon,2025-06-05 09:46:22
Assists,Chet Holmgren,3.5,vs IND Thu 5:40pm,Demon,2025-06-05 09:46:22
Assists,Chet Holmgren,1.5,vs IND Thu 5:40pm,Standard,2025-06-05 09:46:22
Assists,Obi Toppin,0.5,vs OKC Thu 5:40pm,Goblin,2025-06-05 09:46:22
Assists,Obi Toppin,2.5,vs OKC Thu 5:40pm,Demon,2025-06-05 09:46:22
Assists,Obi Toppin,1.5,vs OKC Thu 5:40pm,Demon,2025-06-05 09:46:22
Assists,Ben Sheppard,2.5,vs OKC Thu 5:40pm,Demon,2025-06-05 09:46:22
Assists,Ben Sheppard,1.5,vs OKC Thu 5:40pm,Demon,2025-06-05 09:46:22
Assists,Ben Sheppard,0.5,vs OKC Thu 5:40pm,Goblin,2025-06-05 09:46:22
Assists,Cason Wallace,4.5,vs IND Thu 5:40pm,Demon,2025-06-05 09:46:22
Assists,Cason Wallace,2.5,vs IND Thu 5:40pm,Demon,2025-06-05 09:46:22
Assists,Cason Wallace,1.5,vs IND Thu 5:40pm,Goblin,2025-06-05 09:46:22
Assists,Cason Wallace,3.5,vs IND Thu 5:40pm,Demon,2025-06-05 09:46:22
Assists,Pascal Siakam,3.5,vs OKC Thu 5:40pm,Demon,2025-06-05 09:46:22
Assists,Pascal Siakam,5.5,vs OKC Thu 5:40pm,Demon,2025-06-05 09:46:22
Assists,Pascal Siakam,3,vs OKC Thu 5:40pm,Standard,2025-06-05 09:46:22
Assists,Pascal Siakam,2.5,vs OKC Thu 5:40pm,Goblin,2025-06-05 09:46:22
Assists,Pascal Siakam,1.5,vs OKC Thu 5:40pm,Goblin,2025-06-05 09:46:22
Assists,Pascal Siakam,4.5,vs OKC Thu 5:40pm,Demon,2025-06-05 09:46:22
Assists,Tyrese Haliburton,6.5,vs OKC Thu 5:40pm,Goblin,2025-06-05 09:46:22
Assists,Tyrese Haliburton,9,vs OKC Thu 5:40pm,Standard,2025-06-05 09:46:22
Assists,Tyrese Haliburton,8.5,vs OKC Thu 5:40pm,Goblin,2025-06-05 09:46:22
Assists,Tyrese Haliburton,12.5,vs OKC Thu 5:40pm,Demon,2025-06-05 09:46:22
Assists,Tyrese Haliburton,11.5,vs OKC Thu 5:40pm,Demon,2025-06-05 09:46:22
Assists,Tyrese Haliburton,7.5,vs OKC Thu 5:40pm,Goblin,2025-06-05 09:46:22
Assists,Tyrese Haliburton,13.5,vs OKC Thu 5:40pm,Demon,2025-06-05 09:46:22
Assists,Shai Gilgeous-Alexander,6.5,vs IND Thu 5:40pm,Goblin,2025-06-05 09:46:22
Assists,Shai Gilgeous-Alexander,11.5,vs IND Thu 5:40pm,Demon,2025-06-05 09:46:22
Assists,Shai Gilgeous-Alexander,10.5,vs IND Thu 5:40pm,Demon,2025-06-05 09:46:22
Assists,Shai Gilgeous-Alexander,9.5,vs IND Thu 5:40pm,Demon,2025-06-05 09:46:22
Assists,Shai Gilgeous-Alexander,5.5,vs IND Thu 5:40pm,Goblin,2025-06-05 09:46:22
Assists,Shai Gilgeous-Alexander,7,vs IND Thu 5:40pm,Standard,2025-06-05 09:46:22
Assists,Alex Caruso,3.5,vs IND Thu 5:40pm,Demon,2025-06-05 09:46:22
Assists,Alex Caruso,1.5,vs IND Thu 5:40pm,Goblin,2025-06-05 09:46:22
Assists,Alex Caruso,5.5,vs IND Thu 5:40pm,Demon,2025-06-05 09:46:22
Assists,Alex Caruso,4.5,vs IND Thu 5:40pm,Demon,2025-06-05 09:46:22
Assists,Alex Caruso,2.5,vs IND Thu 5:40pm,Standard,2025-06-05 09:46:22
Assists,Isaiah Hartenstein,2.5,vs IND Thu 5:40pm,Demon,2025-06-05 09:46:22
Assists,Isaiah Hartenstein,1.5,vs IND Thu 5:40pm,Goblin,2025-06-05 09:46:22
Assists,Isaiah Hartenstein,3.5,vs IND Thu 5:40pm,Demon,2025-06-05 09:46:22
Assists,Isaiah Hartenstein,4.5,vs IND Thu 5:40pm,Demon,2025-06-05 09:46:22
3-PT Made,Myles Turner,3.5,vs OKC Thu 5:40pm,Demon,2025-06-05 09:46:22
3-PT Made,Myles Turner,2.5,vs OKC Thu 5:40pm,Demon,2025-06-05 09:46:22
3-PT Made,T.J. McConnell,0.5,vs OKC Thu 5:40pm,Demon,2025-06-05 09:46:22
3-PT Made,Luguentz Dort,1.5,vs IND Thu 5:40pm,Goblin,2025-06-05 09:46:22
3-PT Made,Luguentz Dort,2.5,vs IND Thu 5:40pm,Demon,2025-06-05 09:46:22
3-PT Made,Luguentz Dort,3.5,vs IND Thu 5:40pm,Demon,2025-06-05 09:46:22
3-PT Made,Kenrich Williams,0.5,vs IND Thu 5:40pm,Demon,2025-06-05 09:46:22
3-PT Made,Kenrich Williams,1.5,vs IND Thu 5:40pm,Demon,2025-06-05 09:46:22
3-PT Made,Aaron Wiggins,2.5,vs IND Thu 5:40pm,Demon,2025-06-05 09:46:22
3-PT Made,Aaron Wiggins,1.5,vs IND Thu 5:40pm,Demon,2025-06-05 09:46:22
3-PT Made,Aaron Wiggins,0.5,vs IND Thu 5:40pm,Goblin,2025-06-05 09:46:22
3-PT Made,Jalen Williams,2.5,vs IND Thu 5:40pm,Demon,2025-06-05 09:46:22
3-PT Made,Jalen Williams,3.5,vs IND Thu 5:40pm,Demon,2025-06-05 09:46:22
3-PT Made,Jalen Williams,1.5,vs IND Thu 5:40pm,Goblin,2025-06-05 09:46:22
3-PT Made,Andrew Nembhard,1.5,vs OKC Thu 5:40pm,Demon,2025-06-05 09:46:22
3-PT Made,Andrew Nembhard,0.5,vs OKC Thu 5:40pm,Goblin,2025-06-05 09:46:22
3-PT Made,Andrew Nembhard,2.5,vs OKC Thu 5:40pm,Demon,2025-06-05 09:46:22
3-PT Made,Aaron Nesmith,1.5,vs OKC Thu 5:40pm,Goblin,2025-06-05 09:46:22
3-PT Made,Aaron Nesmith,3.5,vs OKC Thu 5:40pm,Demon,2025-06-05 09:46:22
3-PT Made,Aaron Nesmith,2.5,vs OKC Thu 5:40pm,Demon,2025-06-05 09:46:22
3-PT Made,Bennedict Mathurin,0.5,vs OKC Thu 5:40pm,Goblin,2025-06-05 09:46:22
3-PT Made,Bennedict Mathurin,1.5,vs OKC Thu 5:40pm,Demon,2025-06-05 09:46:22
3-PT Made,Isaiah Joe,1.5,vs IND Thu 5:40pm,Demon,2025-06-05 09:46:22
3-PT Made,Isaiah Joe,2.5,vs IND Thu 5:40pm,Demon,2025-06-05 09:46:22
3-PT Made,Isaiah Joe,0.5,vs IND Thu 5:40pm,Goblin,2025-06-05 09:46:22
3-PT Made,Chet Holmgren,2.5,vs IND Thu 5:40pm,Demon,2025-06-05 09:46:22
3-PT Made,Chet Holmgren,0.5,vs IND Thu 5:40pm,Goblin,2025-06-05 09:46:22
3-PT Made,Obi Toppin,2.5,vs OKC Thu 5:40pm,Demon,2025-06-05 09:46:22
3-PT Made,Obi Toppin,0.5,vs OKC Thu 5:40pm,Goblin,2025-06-05 09:46:22
3-PT Made,Obi Toppin,1.5,vs OKC Thu 5:40pm,Demon,2025-06-05 09:46:22
3-PT Made,Ben Sheppard,2.5,vs OKC Thu 5:40pm,Demon,2025-06-05 09:46:22
3-PT Made,Ben Sheppard,0.5,vs OKC Thu 5:40pm,Goblin,2025-06-05 09:46:22
3-PT Made,Ben Sheppard,1.5,vs OKC Thu 5:40pm,Demon,2025-06-05 09:46:22
3-PT Made,Cason Wallace,2.5,vs IND Thu 5:40pm,Demon,2025-06-05 09:46:22
3-PT Made,Cason Wallace,0.5,vs IND Thu 5:40pm,Goblin,2025-06-05 09:46:22
3-PT Made,Cason Wallace,1.5,vs IND Thu 5:40pm,Demon,2025-06-05 09:46:22
3-PT Made,Pascal Siakam,1.5,vs OKC Thu 5:40pm,Demon,2025-06-05 09:46:22
3-PT Made,Pascal Siakam,2.5,vs OKC Thu 5:40pm,Demon,2025-06-05 09:46:22
3-PT Made,Pascal Siakam,0.5,vs OKC Thu 5:40pm,Goblin,2025-06-05 09:46:22
3-PT Made,Tyrese Haliburton,3.5,vs OKC Thu 5:40pm,Demon,2025-06-05 09:46:22
3-PT Made,Tyrese Haliburton,4.5,vs OKC Thu 5:40pm,Demon,2025-06-05 09:46:22
3-PT Made,Tyrese Haliburton,1.5,vs OKC Thu 5:40pm,Goblin,2025-06-05 09:46:22
3-PT Made,Shai Gilgeous-Alexander,2.5,vs IND Thu 5:40pm,Demon,2025-06-05 09:46:22
3-PT Made,Shai Gilgeous-Alexander,1.5,vs IND Thu 5:40pm,Standard,2025-06-05 09:46:22
3-PT Made,Shai Gilgeous-Alexander,0.5,vs IND Thu 5:40pm,Goblin,2025-06-05 09:46:22
3-PT Made,Shai Gilgeous-Alexander,3.5,vs IND Thu 5:40pm,Demon,2025-06-05 09:46:22
3-PT Made,Alex Caruso,2.5,vs IND Thu 5:40pm,Demon,2025-06-05 09:46:22
3-PT Made,Alex Caruso,1.5,vs IND Thu 5:40pm,Demon,2025-06-05 09:46:22
3-PT Made,Alex Caruso,0.5,vs IND Thu 5:40pm,Goblin,2025-06-05 09:46:22
3-PT Made,Thomas Bryant,0.5,vs OKC Thu 5:40pm,Demon,2025-06-05 09:46:22
3-PT Made,Thomas Bryant,1.5,vs OKC Thu 5:40pm,Demon,2025-06-05 09:46:22
Free Throws Made,Myles Turner,2.5,vs OKC Thu 5:40pm,Standard,2025-06-05 09:46:22
Free Throws Made,Jalen Williams,3.5,vs IND Thu 5:40pm,Standard,2025-06-05 09:46:22
Free Throws Made,Andrew Nembhard,1.5,vs OKC Thu 5:40pm,Standard,2025-06-05 09:46:22
Free Throws Made,Chet Holmgren,3,vs IND Thu 5:40pm,Standard,2025-06-05 09:46:22
Free Throws Made,Obi Toppin,0.5,vs OKC Thu 5:40pm,Standard,2025-06-05 09:46:22
Free Throws Made,Pascal Siakam,3.5,vs OKC Thu 5:40pm,Standard,2025-06-05 09:46:22
Free Throws Made,Tyrese Haliburton,3,vs OKC Thu 5:40pm,Standard,2025-06-05 09:46:22
Free Throws Made,Shai Gilgeous-Alexander,9,vs IND Thu 5:40pm,Standard,2025-06-05 09:46:22
Free Throws Made,Alex Caruso,0.5,vs IND Thu 5:40pm,Standard,2025-06-05 09:46:22
FG Attempted,Myles Turner,10,vs OKC Thu 5:40pm,Standard,2025-06-05 09:46:22
FG Attempted,T.J. McConnell,5.5,vs OKC Thu 5:40pm,Standard,2025-06-05 09:46:22
FG Attempted,Luguentz Dort,7.5,vs IND Thu 5:40pm,Standard,2025-06-05 09:46:22
FG Attempted,Jalen Williams,17.5,vs IND Thu 5:40pm,Standard,2025-06-05 09:46:22
FG Attempted,Andrew Nembhard,10,vs OKC Thu 5:40pm,Standard,2025-06-05 09:46:22
FG Attempted,Aaron Nesmith,9,vs OKC Thu 5:40pm,Standard,2025-06-05 09:46:22
FG Attempted,Bennedict Mathurin,6,vs OKC Thu 5:40pm,Standard,2025-06-05 09:46:22
FG Attempted,Chet Holmgren,12.5,vs IND Thu 5:40pm,Standard,2025-06-05 09:46:22
FG Attempted,Obi Toppin,7,vs OKC Thu 5:40pm,Standard,2025-06-05 09:46:22
FG Attempted,Ben Sheppard,3,vs OKC Thu 5:40pm,Standard,2025-06-05 09:46:22
FG Attempted,Cason Wallace,6,vs IND Thu 5:40pm,Standard,2025-06-05 09:46:22
FG Attempted,Pascal Siakam,16.5,vs OKC Thu 5:40pm,Standard,2025-06-05 09:46:22
FG Attempted,Tyrese Haliburton,14.5,vs OKC Thu 5:40pm,Standard,2025-06-05 09:46:22
FG Attempted,Shai Gilgeous-Alexander,22.5,vs IND Thu 5:40pm,Standard,2025-06-05 09:46:22
FG Attempted,Alex Caruso,6.5,vs IND Thu 5:40pm,Standard,2025-06-05 09:46:22
FG Attempted,Isaiah Hartenstein,6,vs IND Thu 5:40pm,Standard,2025-06-05 09:46:22
Blocked Shots,Myles Turner,1.5,vs OKC Thu 5:40pm,Goblin,2025-06-05 09:46:22
Blocked Shots,Myles Turner,3.5,vs OKC Thu 5:40pm,Demon,2025-06-05 09:46:22
Blocked Shots,Myles Turner,2.5,vs OKC Thu 5:40pm,Demon,2025-06-05 09:46:22
Blocked Shots,T.J. McConnell,0.5,vs OKC Thu 5:40pm,Demon,2025-06-05 09:46:22
Blocked Shots,Luguentz Dort,0.5,vs IND Thu 5:40pm,Demon,2025-06-05 09:46:22
Blocked Shots,Jalen Williams,1.5,vs IND Thu 5:40pm,Demon,2025-06-05 09:46:22
Blocked Shots,Jalen Williams,0.5,vs IND Thu 5:40pm,Demon,2025-06-05 09:46:22
Blocked Shots,Andrew Nembhard,0.5,vs OKC Thu 5:40pm,Demon,2025-06-05 09:46:22
Blocked Shots,Aaron Nesmith,1.5,vs OKC Thu 5:40pm,Demon,2025-06-05 09:46:22
Blocked Shots,Aaron Nesmith,0.5,vs OKC Thu 5:40pm,Demon,2025-06-05 09:46:22
Blocked Shots,Bennedict Mathurin,0.5,vs OKC Thu 5:40pm,Demon,2025-06-05 09:46:22
Blocked Shots,Chet Holmgren,1.5,vs IND Thu 5:40pm,Goblin,2025-06-05 09:46:22
Blocked Shots,Chet Holmgren,3.5,vs IND Thu 5:40pm,Demon,2025-06-05 09:46:22
Blocked Shots,Chet Holmgren,2.5,vs IND Thu 5:40pm,Demon,2025-06-05 09:46:22
Blocked Shots,Obi Toppin,0.5,vs OKC Thu 5:40pm,Demon,2025-06-05 09:46:22
Blocked Shots,Ben Sheppard,0.5,vs OKC Thu 5:40pm,Demon,2025-06-05 09:46:22
Blocked Shots,Cason Wallace,1.5,vs IND Thu 5:40pm,Demon,2025-06-05 09:46:22
Blocked Shots,Cason Wallace,0.5,vs IND Thu 5:40pm,Demon,2025-06-05 09:46:22
Blocked Shots,Pascal Siakam,0.5,vs OKC Thu 5:40pm,Demon,2025-06-05 09:46:22
Blocked Shots,Pascal Siakam,1.5,vs OKC Thu 5:40pm,Demon,2025-06-05 09:46:22
Blocked Shots,Tyrese Haliburton,1.5,vs OKC Thu 5:40pm,Demon,2025-06-05 09:46:22
Blocked Shots,Tyrese Haliburton,0.5,vs OKC Thu 5:40pm,Demon,2025-06-05 09:46:22
Blocked Shots,Shai Gilgeous-Alexander,1.5,vs IND Thu 5:40pm,Demon,2025-06-05 09:46:22
Blocked Shots,Alex Caruso,0.5,vs IND Thu 5:40pm,Demon,2025-06-05 09:46:22
Blocked Shots,Alex Caruso,1.5,vs IND Thu 5:40pm,Demon,2025-06-05 09:46:22
Blocked Shots,Isaiah Hartenstein,0.5,vs IND Thu 5:40pm,Standard,2025-06-05 09:46:22
Blocked Shots,Isaiah Hartenstein,1.5,vs IND Thu 5:40pm,Demon,2025-06-05 09:46:22
Blocked Shots,Thomas Bryant,0.5,vs OKC Thu 5:40pm,Demon,2025-06-05 09:46:22
Steals,Myles Turner,0.5,vs OKC Thu 5:40pm,Demon,2025-06-05 09:46:22
Steals,Myles Turner,1.5,vs OKC Thu 5:40pm,Demon,2025-06-05 09:46:22
Steals,T.J. McConnell,0.5,vs OKC Thu 5:40pm,Demon,2025-06-05 09:46:22
Steals,Luguentz Dort,0.5,vs IND Thu 5:40pm,Goblin,2025-06-05 09:46:22
Steals,Luguentz Dort,2.5,vs IND Thu 5:40pm,Demon,2025-06-05 09:46:22
Steals,Luguentz Dort,1.5,vs IND Thu 5:40pm,Demon,2025-06-05 09:46:22
Steals,Kenrich Williams,0.5,vs IND Thu 5:40pm,Demon,2025-06-05 09:46:22
Steals,Jalen Williams,3.5,vs IND Thu 5:40pm,Demon,2025-06-05 09:46:22
Steals,Jalen Williams,2.5,vs IND Thu 5:40pm,Demon,2025-06-05 09:46:22
Steals,Jalen Williams,0.5,vs IND Thu 5:40pm,Goblin,2025-06-05 09:46:22
Steals,Andrew Nembhard,0.5,vs OKC Thu 5:40pm,Goblin,2025-06-05 09:46:22
Steals,Andrew Nembhard,2.5,vs OKC Thu 5:40pm,Demon,2025-06-05 09:46:22
Steals,Andrew Nembhard,1.5,vs OKC Thu 5:40pm,Demon,2025-06-05 09:46:22
Steals,Aaron Nesmith,0.5,vs OKC Thu 5:40pm,Goblin,2025-06-05 09:46:22
Steals,Aaron Nesmith,1.5,vs OKC Thu 5:40pm,Demon,2025-06-05 09:46:22
Steals,Bennedict Mathurin,0.5,vs OKC Thu 5:40pm,Demon,2025-06-05 09:46:22
Steals,Isaiah Joe,0.5,vs IND Thu 5:40pm,Demon,2025-06-05 09:46:22
Steals,Chet Holmgren,0.5,vs IND Thu 5:40pm,Standard,2025-06-05 09:46:22
Steals,Chet Holmgren,1.5,vs IND Thu 5:40pm,Demon,2025-06-05 09:46:22
Steals,Obi Toppin,0.5,vs OKC Thu 5:40pm,Demon,2025-06-05 09:46:22
Steals,Ben Sheppard,0.5,vs OKC Thu 5:40pm,Demon,2025-06-05 09:46:22
Steals,Cason Wallace,2.5,vs IND Thu 5:40pm,Demon,2025-06-05 09:46:22
Steals,Cason Wallace,1.5,vs IND Thu 5:40pm,Demon,2025-06-05 09:46:22
Steals,Cason Wallace,0.5,vs IND Thu 5:40pm,Goblin,2025-06-05 09:46:22
Steals,Pascal Siakam,1.5,vs OKC Thu 5:40pm,Demon,2025-06-05 09:46:22
Steals,Pascal Siakam,0.5,vs OKC Thu 5:40pm,Goblin,2025-06-05 09:46:22
Steals,Tyrese Haliburton,0.5,vs OKC Thu 5:40pm,Goblin,2025-06-05 09:46:22
Steals,Tyrese Haliburton,1.5,vs OKC Thu 5:40pm,Demon,2025-06-05 09:46:22
Steals,Tyrese Haliburton,2.5,vs OKC Thu 5:40pm,Demon,2025-06-05 09:46:22
Steals,Shai Gilgeous-Alexander,3.5,vs IND Thu 5:40pm,Demon,2025-06-05 09:46:22
Steals,Shai Gilgeous-Alexander,1.5,vs IND Thu 5:40pm,Standard,2025-06-05 09:46:22
Steals,Shai Gilgeous-Alexander,2.5,vs IND Thu 5:40pm,Demon,2025-06-05 09:46:22
Steals,Alex Caruso,2.5,vs IND Thu 5:40pm,Demon,2025-06-05 09:46:22
Steals,Alex Caruso,0.5,vs IND Thu 5:40pm,Goblin,2025-06-05 09:46:22
Steals,Alex Caruso,3.5,vs IND Thu 5:40pm,Demon,2025-06-05 09:46:22
Steals,Isaiah Hartenstein,1.5,vs IND Thu 5:40pm,Demon,2025-06-05 09:46:22
Steals,Thomas Bryant,0.5,vs OKC Thu 5:40pm,Demon,2025-06-05 09:46:22
Turnovers,Myles Turner,2.5,vs OKC Thu 5:40pm,Demon,2025-06-05 09:46:22
Turnovers,Luguentz Dort,0.5,vs IND Thu 5:40pm,Goblin,2025-06-05 09:46:22
Turnovers,Kenrich Williams,0.5,vs IND Thu 5:40pm,Demon,2025-06-05 09:46:22
Turnovers,Jalen Williams,1.5,vs IND Thu 5:40pm,Goblin,2025-06-05 09:46:22
Turnovers,Jalen Williams,3.5,vs IND Thu 5:40pm,Demon,2025-06-05 09:46:22
Turnovers,Jalen Williams,2.5,vs IND Thu 5:40pm,Demon,2025-06-05 09:46:22
Turnovers,Andrew Nembhard,3.5,vs OKC Thu 5:40pm,Demon,2025-06-05 09:46:22
Turnovers,Andrew Nembhard,1.5,vs OKC Thu 5:40pm,Goblin,2025-06-05 09:46:22
Turnovers,Andrew Nembhard,2.5,vs OKC Thu 5:40pm,Demon,2025-06-05 09:46:22
Turnovers,Aaron Nesmith,2.5,vs OKC Thu 5:40pm,Demon,2025-06-05 09:46:22
Turnovers,Aaron Nesmith,1.5,vs OKC Thu 5:40pm,Demon,2025-06-05 09:46:22
Turnovers,Aaron Nesmith,0.5,vs OKC Thu 5:40pm,Goblin,2025-06-05 09:46:22
Turnovers,Bennedict Mathurin,1.5,vs OKC Thu 5:40pm,Demon,2025-06-05 09:46:22
Turnovers,Chet Holmgren,0.5,vs IND Thu 5:40pm,Goblin,2025-06-05 09:46:22
Turnovers,Chet Holmgren,1.5,vs IND Thu 5:40pm,Demon,2025-06-05 09:46:22
Turnovers,Chet Holmgren,2.5,vs IND Thu 5:40pm,Demon,2025-06-05 09:46:22
Turnovers,Obi Toppin,0.5,vs OKC Thu 5:40pm,Goblin,2025-06-05 09:46:22
Turnovers,Ben Sheppard,0.5,vs OKC Thu 5:40pm,Demon,2025-06-05 09:46:22
Turnovers,Cason Wallace,0.5,vs IND Thu 5:40pm,Goblin,2025-06-05 09:46:22
Turnovers,Pascal Siakam,2.5,vs OKC Thu 5:40pm,Demon,2025-06-05 09:46:22
Turnovers,Pascal Siakam,1.5,vs OKC Thu 5:40pm,Goblin,2025-06-05 09:46:22
Turnovers,Pascal Siakam,3.5,vs OKC Thu 5:40pm,Demon,2025-06-05 09:46:22
Turnovers,Tyrese Haliburton,3.5,vs OKC Thu 5:40pm,Demon,2025-06-05 09:46:22
Turnovers,Tyrese Haliburton,1.5,vs OKC Thu 5:40pm,Goblin,2025-06-05 09:46:22
Turnovers,Tyrese Haliburton,4.5,vs OKC Thu 5:40pm,Demon,2025-06-05 09:46:22
Turnovers,Shai Gilgeous-Alexander,2.5,vs IND Thu 5:40pm,Demon,2025-06-05 09:46:22
Turnovers,Shai Gilgeous-Alexander,1.5,vs IND Thu 5:40pm,Goblin,2025-06-05 09:46:22
Turnovers,Shai Gilgeous-Alexander,4.5,vs IND Thu 5:40pm,Demon,2025-06-05 09:46:22
Turnovers,Shai Gilgeous-Alexander,3.5,vs IND Thu 5:40pm,Demon,2025-06-05 09:46:22
Turnovers,Alex Caruso,0.5,vs IND Thu 5:40pm,Goblin,2025-06-05 09:46:22
Turnovers,Isaiah Hartenstein,0.5,vs IND Thu 5:40pm,Goblin,2025-06-05 09:46:22
Turnovers,Isaiah Hartenstein,1.5,vs IND Thu 5:40pm,Demon,2025-06-05 09:46:22
Turnovers,Isaiah Hartenstein,2.5,vs IND Thu 5:40pm,Demon,2025-06-05 09:46:22
Turnovers,Thomas Bryant,0.5,vs OKC Thu 5:40pm,Demon,2025-06-05 09:46:22
